test_column,n_valid_points,calibrated_correlation,calibrated_current_accuracy,calibrated_standardized_accuracy,calibrated_wasserstein_distance,calibrated_std_ratio,calibrated_mean_difference,calibrated_cohens_d,calibrated_n_points,calibrated_human_std,original_correlation,original_current_accuracy,original_standardized_accuracy,original_wasserstein_distance,original_std_ratio,original_mean_difference,original_cohens_d,original_n_points,original_human_std,fit_r2,fit_adj_r2,fit_mse,fit_rmse,fit_f_stat,fit_f_pvalue,fit_residual_std,fit_n_significant_coefs,fit_n_features,fit_n_samples
Q13,999,0.322670676968292,0.7563232113185023,0.7522107814111167,0.1229441249988835,0.8017608696419765,0.11157285793899319,0.4578309305922119,999,0.03163859985841663,0.2758609020961883,0.7762762762762763,0.752174611264653,0.061561561561561555,0.870231634844494,0.025025025025025016,0.09928709658447911,999,0.03163859985841663,0.6011914656283421,0.5664369092560844,0.3493823001385987,0.5910856961038718,17.298205714063812,1.1102230246251565e-16,0.5910856961038718,10,80,999
Q15,999,0.45091975614502405,0.8212259855214733,0.8070121621588234,0.11354019664523948,0.5590087305499027,0.08186616912068123,0.4219002016555892,999,0.03163859985841663,0.3149664772366057,0.7977977977977978,0.779059029140884,0.14514514514514515,0.633684503429077,0.1451451451451451,0.7238534871027996,999,0.03163859985841663,0.4576031848450822,0.41033548853528545,0.19994313544873502,0.4471500144791846,9.681097674951399,1.1102230246251565e-16,0.44715001447918457,6,80,999
Q6,999,0.5074388182915132,0.7750361699839525,0.7631888655163758,0.07619179122521204,0.8902461447860847,0.017236004319077458,0.059981379596977184,999,0.03163859985841663,0.6797982760398142,0.7992992992992993,0.7993127857934207,0.13563563563563563,0.9988083736058118,0.13563563563563563,0.4471277593005732,999,0.03163859985841663,0.6219436323407669,0.5889975436558663,0.5559589849914536,0.7456265720797869,18.87761665092007,1.1102230246251565e-16,0.7456265720797869,12,80,999
Q9,999,0.29363425003166765,0.7530051759762466,0.7278666437414056,0.1344712376976471,0.7239881645023315,0.039319722250496326,0.15460511202429986,999,0.03163859985841663,0.1555333040906194,0.7470804137470803,0.7379070194404533,0.025358692025358703,0.9544851231489798,0.0053386720053387,0.018746779318172684,999,0.03163859985841663,0.6232937870142392,0.5904653588673319,0.26215404497878325,0.5120098094556229,18.98640362020986,1.1102230246251565e-16,0.5120098094556228,7,80,999
job1_item1,999,0.5797821150880128,0.7634454392166669,0.7735597770948166,0.19937124755199295,0.30964270810269934,0.1614237694288838,0.698542431387132,999,0.03163859985841663,0.17342383926608185,0.7440774107440774,0.6729304318574906,0.22956289622956286,0.2588686875584523,0.15949282615949278,0.6994599144236553,999,0.03163859985841663,0.3505381794526309,0.2939401994485029,0.15269756184664834,0.3907653539486943,6.193475092698787,1.1102230246251565e-16,0.3907653539486943,9,80,999
job1_item6,999,0.6958486649263389,0.8882138270230877,0.8814268736648504,0.051064270039389535,0.8245017792226639,0.02019570250057745,0.10552444007140815,999,0.03163859985841663,0.13097143317944687,0.8226559893226559,0.7867268622838723,0.11161161161161161,0.525735855201596,0.07057057057057052,0.4230131136097857,999,0.03163859985841663,0.8231156984633112,0.8077009445167588,0.07675565772046779,0.27704811445030225,53.397913539022525,1.1102230246251565e-16,0.27704811445030225,15,80,999
job1_item7,999,0.6665596338360537,0.8767393693469819,0.867523327570838,0.04648198440295053,0.8537905512480904,0.013289324753062251,0.06538395022034969,999,0.03163859985841663,0.08914379641648536,0.8213213213213213,0.7683443166330751,0.09592926259592927,0.49417154018385007,0.04287620954287622,0.2486742548584928,999,0.03163859985841663,0.8882762238519922,0.8785399470634948,0.046936700985950715,0.21664879641011328,91.23366592262617,1.1102230246251565e-16,0.21664879641011328,14,80,999
job2_item2,999,0.6972451926929858,0.8171387106810712,0.8316761597497194,0.11114284148904012,0.7878670928629982,0.10755176390801029,0.43131507378088335,999,0.03163859985841663,0.09073955232208254,0.7265598932265599,0.6969036223575187,0.18301634968301636,0.5256044985279016,0.17634300967634298,0.7969327956119133,999,0.03163859985841663,0.739519447577169,0.7168196173006696,0.19877412859724555,0.44584092297280825,32.57819281330817,1.1102230246251565e-16,0.4458409229728083,13,80,999
job2_item5,999,0.752099119405557,0.9073400299383685,0.9060690543537205,0.038998106693652355,0.9665663337236037,0.0010051340380255642,0.0056023995807412425,999,0.03163859985841663,0.16797358800004894,0.8595261928595261,0.8156471683682444,0.07374040707374041,0.5443367440570137,0.017684351017684286,0.12040441329911956,999,0.03163859985841663,0.8945254217716633,0.8853337373944662,0.037445762841157915,0.19350907689604102,97.31898801821552,1.1102230246251565e-16,0.193509076896041,11,80,999
job2_item6,999,0.7420493608409398,0.8979946211842301,0.8944608259804215,0.046280299102220486,0.9313512846856292,0.03156536219165126,0.1637620544886916,999,0.03163859985841663,0.18090357493888237,0.8393393393393394,0.7947157749279066,0.08925592258925592,0.5050275008664271,0.047881214547881225,0.30301010468307354,999,0.03163859985841663,0.8614976034400043,0.8494276778138609,0.05060272970476485,0.2249505050111354,71.37555193993931,1.1102230246251565e-16,0.22495050501113537,9,80,999
job4_item2,999,0.8131641462909214,0.8210006530922878,0.8772137310150052,0.15180917098008767,0.874673990280224,0.15048208471840985,0.595590176919221,999,0.03163859985841663,0.18019197469511575,0.714381047714381,0.728272393306637,0.1778445111778445,0.7145351444840501,0.1761761761761762,0.7537371471180399,999,0.03163859985841663,0.8181652417705723,0.8023190754760687,0.24175362380683774,0.4916844758652013,51.63174654139316,1.1102230246251565e-16,0.4916844758652013,8,80,999
job4_item3,999,0.7342889450379875,0.9014729436578939,0.8948010266258117,0.046253630973536054,0.8492879169445562,0.013709253015661135,0.07469330615103964,999,0.03163859985841663,0.11906060046364414,0.8420086753420086,0.7987346707654462,0.08224891558224894,0.540215261805195,0.01451451451451454,0.09128392716044217,999,0.03163859985841663,0.8464175961408028,0.8330335086585199,0.06315646832399421,0.25130950703066174,63.240590534187525,1.1102230246251565e-16,0.25130950703066174,18,80,999
job4_item4,999,0.760133862873863,0.9086033446134147,0.903958723958153,0.04120140236143379,0.8882574375190637,0.0018381831726704452,0.010102569131306688,999,0.03163859985841663,0.1378357793288262,0.8428428428428428,0.8016810645427863,0.08141474808141475,0.5573101042673625,0.0003336670003336965,0.0021425326447885125,999,0.03163859985841663,0.8977049802300885,0.8887903815573294,0.04233349076320682,0.20575104073420095,100.70054897403904,1.1102230246251565e-16,0.20575104073420095,17,80,999
job4_item6,999,0.7708603822397324,0.9101294868759039,0.9048849976777817,0.03907830026899369,0.9009728215278051,0.012162447378030924,0.06395130684771495,999,0.03163859985841663,0.11223215847050878,0.8241574908241575,0.7875822700287096,0.1031031031031031,0.5500319957455878,0.06973640306973634,0.4324567066621019,999,0.03163859985841663,0.8821940108532972,0.8719276937163296,0.05122950022468329,0.22633934749548804,85.93091359672113,1.1102230246251565e-16,0.22633934749548804,8,80,999
job4_item8,999,0.5106108794371512,0.8358795540938758,0.8285189420843233,0.10148354442421588,0.6216822713372251,0.06858343997668441,0.3627574006346591,999,0.03163859985841663,0.08929026949320767,0.7926259592926259,0.7583122644882634,0.10827494160827493,0.5829273585690321,0.08024691358024683,0.43178033623430406,999,0.03163859985841663,0.5831573117689478,0.5468311515745206,0.26291971189175434,0.5127569715681634,16.05337059154438,1.1102230246251565e-16,0.5127569715681634,8,80,999
choice_target_binary,501,0.03662509536957706,0.439416331234472,0.43734503107724043,0.28440437554919196,0.9813694523350311,0.02691830364407133,0.05469557086081374,501,0.04467670516087703,0.029119951991000165,0.530938123752495,0.4816805807875575,0.09381237524950098,0.959730364579175,0.09381237524950103,0.19269093025136466,501,0.04467670516087703,0.3178056292562246,0.18786384435264836,0.15505591153394763,0.39377139501739794,2.445753915817405,4.974061829088328e-09,0.3937713950173979,9,80,501
Q33,200,-0.04587518849817627,0.4699111839306601,0.5827903791321507,0.17969903399453224,1.5120950205933212,0.09282704489921094,0.20107677130487014,200,0.07071067811865475,-0.26906703732578263,0.49416666666666664,0.5106548876906398,0.1841666666666667,1.0628425051452346,0.18416666666666673,0.49557362283667816,200,0.07071067811865475,0.48511317755590555,0.1389707759128168,2.7157061841285706,1.6479399819558267,1.4014844042600454,0.047025628678018516,1.6479399819558267,6,80,200
Q35,200,0.11961728448258263,0.4879156452926344,0.605420343783392,0.25376674805730187,1.5824960445359437,0.08403693899162024,0.17456283524609284,200,0.07071067811865475,0.28481693785834666,0.69,0.6898290409897658,0.03666666666666666,1.0478094616399491,0.029999999999999954,0.0805397343864219,200,0.07071067811865475,0.4399183230699447,0.06339282597410922,2.928093004948406,1.711167146993071,1.1683626380233532,0.218888221798743,1.711167146993071,4,80,200
Q38,200,0.36636065638230375,0.6506413124004922,0.6753210768602094,0.1279612299602993,1.1407200838425193,0.10073883419503993,0.26101796354140844,200,0.07071067811865475,0.3118123023978774,0.6791666666666667,0.693170749545724,0.16083333333333333,1.0274090054310505,0.1608333333333333,0.4409249321081736,200,0.07071067811865475,0.847379103570519,0.7447768202565823,0.7507994223727781,0.8664868275818035,8.258871793113565,1.1102230246251565e-16,0.8664868275818034,3,80,200
PPV,1200,0.06108871681588991,0.655784634637324,0.6079578783730966,0.23880676154070554,0.41499148052250157,0.1944916062422207,0.7153814843796455,1200,0.028867513459481284,0.5863371724273994,0.7477777777777778,0.7541144329532272,0.21083333333333334,0.7548753633819285,0.2108333333333333,0.6701206986472604,1200,0.028867513459481284,0.07640606569362018,0.010376115072967429,2.389362522052992,1.5457562945215497,1.1571425538779982,0.1692134235931575,1.54575629452155,6,80,1200
I_indiv_mean,1323,0.241056768261144,0.8751837336092498,0.8751059724960139,0.04725540948012379,0.8911429152819297,0.04710797310890039,0.3813344599791669,1323,0.02749286996141075,0.502464929955836,0.8739229024943311,0.8995045879264998,0.08369866465104563,0.9960493829788893,0.08274124464600634,0.6356297165486723,1323,0.02749286996141075,0.5072390736433628,0.4754992394174925,0.08293631661093644,0.287986660473947,15.981150690129468,1.1102230246251565e-16,0.287986660473947,21,80,1323
Q_indiv_mean,1323,0.2930388510348355,0.8640190828153396,0.8764843399086337,0.08590232823342746,0.828334223820569,0.08561816963729654,0.700594534515214,1323,0.02749286996141075,0.5283467012795321,0.907859683035327,0.9001186869514651,0.021932270175829893,0.8073713762965745,0.00515470304697494,0.04261532944608635,1323,0.02749286996141075,0.4791636465828667,0.4456154112580917,0.06907136211437051,0.26281431109125414,14.282827157499051,1.1102230246251565e-16,0.26281431109125414,12,80,1323
Q_org_mean,1323,0.5558025387420885,0.8003533658345203,0.8815288810927755,0.18867322334027778,0.8173763172450266,0.1886732233402778,1.2864580035030784,1323,0.02749286996141075,0.28936960293055686,0.845912968361948,0.8479220942318396,0.09923334413130333,0.7275769778491317,0.09091890724543783,0.647433374149625,1323,0.02749286996141075,0.5430764770389771,0.5136450101815844,0.09980621102645082,0.31592121015603053,18.452239559461976,1.1102230246251565e-16,0.3159212101560306,6,80,1323
scenario_close_QI,1323,-0.0009399886025366884,0.5790105321330208,0.42797724214077193,0.4073651147887927,0.07231911976952432,0.4071148113952382,1.169393287433333,1323,0.02749286996141075,0.007456491456465676,0.5941043083900226,0.5031270007115105,0.40438397581254726,0.0791166683854778,0.40438397581254726,1.1609549794626812,1323,0.02749286996141075,0.15337671166369404,0.098843810643642,0.001277919024243168,0.03574799328973821,2.8125536840098966,4.75175454539567e-14,0.03574799328973821,19,80,1323
gratitude_manipulation_check,508,0.43302657431671565,0.7960847437749105,0.7929172781926321,0.10632426991177475,0.8690719264129619,0.07029990617180355,0.2996176427843131,508,0.04436782547080569,0.4202919207328364,0.788167104111986,0.8052071801351334,0.13396762904636922,0.7696431893038451,0.11975065616797886,0.5358523408166794,508,0.04436782547080569,0.6306983794005524,0.5615083802250118,0.49399141759770243,0.7028452301877721,9.11545580164585,1.1102230246251565e-16,0.7028452301877722,8,80,508
lack of control,492,0.15369952742064935,0.8366098720722647,0.8428354131151248,0.0973200499759914,0.8549366025499068,0.0973200499759914,0.676123942367458,492,0.045083481733371615,0.5336962856862837,0.8695689861310378,0.8836474236449114,0.0745964849354376,0.9554997973469883,0.07459648493543757,0.4929753760370498,492,0.045083481733371615,0.4014693337247549,0.28496701425512083,0.29170664144046377,0.5400987330483786,3.4460200925819033,2.220446049250313e-16,0.5400987330483786,47,80,492
lack_of_control_manipulation_check,492,0.09094484727187453,0.78870854927434,0.7871819317812677,0.07770741146891738,0.8829732151134242,0.06963955526107372,0.35768159704968416,492,0.045083481733371615,0.43350270371207944,0.8500451671183379,0.8375654436256619,0.03929539295392954,0.8049994333955196,0.022131887985546477,0.11812547817302564,492,0.045083481733371615,0.4238493226286639,0.31170320537876883,0.5725928693982947,0.7566986648582741,3.779438227756034,1.1102230246251565e-16,0.7566986648582741,4,80,492
Father education,1163,-0.024402093903986313,0.6993858217562727,0.6408848152343071,0.1466676069667431,0.5552625936693572,0.10557971110510067,0.42192111052839476,1163,0.02932311763539111,0.23987270618460987,0.7505374032674119,0.7163188050821774,0.1269346517626827,0.7173010410499759,0.07276440240756643,0.2702642187600266,1163,0.02932311763539111,0.22190935087233643,0.1643795431734334,2.45261105283543,1.5660814323768193,3.857293457919341,1.1102230246251565e-16,1.5660814323768193,11,80,1163
Redistribution 1,1163,0.4483021328835092,0.6812342328568697,0.7324280994408259,0.1180919930255798,1.3126888269041332,0.02992659669854425,0.0801403239433099,1153,0.02945000320268802,0.6319724987566453,0.7918473547267997,0.8009958381971832,0.08369470945359929,1.2466616932947403,0.03555941023417175,0.09832404647971128,1153,0.02945000320268802,0.7531688084405904,0.7349188127615214,0.6253425240623911,0.7907860166077743,41.269533521281815,1.1102230246251565e-16,0.7907860166077743,19,80,1163
Redistribution 2,1163,0.31086735558763445,0.636096495131705,0.6857698663736805,0.1696634776792202,1.1539091875040246,0.1629020501223396,0.4431551986844322,1144,0.02956561979945413,0.6008199994086876,0.7609265734265734,0.7734398402938246,0.11625874125874128,1.1468246324615843,0.11538461538461542,0.314992797555836,1144,0.02956561979945413,0.715071462013759,0.6940046569870499,0.6927221054580925,0.8322992883921579,33.94304267339874,1.1102230246251565e-16,0.8322992883921579,13,80,1163
task 2 - S2,1001,0.28001218244784837,0.7793058469017011,0.7743635897421518,0.038543741611287714,0.9355571926073037,0.021491858243436617,0.0934445187004265,1001,0.0316069770620507,0.5397029625388067,0.7986180486180486,0.8214092614109225,0.10148185148185147,1.0409426311651893,0.10148185148185156,0.41859753212670464,1001,0.0316069770620507,0.5480066920465357,0.5087029261375389,0.9947070404764637,0.9973500090121139,13.942854568068078,1.1102230246251565e-16,0.9973500090121139,10,80,1001
task 2 - S3,1001,-0.06736114020647806,0.7670497462486073,0.7210925262337184,0.10082175154721235,0.5765678012415242,0.015527636077949788,0.07781468943664317,1001,0.0316069770620507,0.06600670535776275,0.7741425241425242,0.7460188033161671,0.06451881451881451,0.7509094296260278,0.013403263403263402,0.06199967917443576,1001,0.0316069770620507,0.26471721689477046,0.20077958358127224,0.8920824139309149,0.9445011455424048,4.140241093954983,1.1102230246251565e-16,0.9445011455424048,7,80,1001
task 3 - S1,1001,0.14401454279473852,0.7200669867134223,0.6788617079324818,0.12765707707472568,0.6311691180552157,0.07388896148747522,0.2834519246708827,1001,0.0316069770620507,0.09949825595332884,0.6898101898101898,0.6608526422441328,0.1526806526806527,0.7367008521686313,0.12570762570762573,0.4591224307040468,1001,0.0316069770620507,0.5151459251948363,0.47298470129873504,0.9206672895978586,0.9595140903592081,12.21847654290875,1.1102230246251565e-16,0.9595140903592082,6,80,1001
task 3 - S2,1001,0.16503747643722885,0.7176170832890658,0.6863452130853033,0.17258262085871653,0.5344949273896094,0.11696764238384423,0.47929438076862635,1001,0.0316069770620507,0.11706449092646995,0.7206127206127206,0.6756765903552753,0.12753912753912755,0.6202869007163238,0.08391608391608389,0.3313313015066012,1001,0.0316069770620507,0.4567744097539458,0.4095374019064628,0.697092187629194,0.8349204678466051,9.6698421548791,1.1102230246251565e-16,0.8349204678466051,9,80,1001
task 3 - S3,1001,0.1701596222945511,0.7123483545279538,0.6702245309706096,0.14845537777974396,0.5792959477699859,0.08683356824773525,0.33286486756558953,1001,0.0316069770620507,0.14616826178896133,0.6951381951381952,0.6685970345317152,0.13336663336663337,0.7521835612513008,0.11738261738261735,0.4155796620279113,1001,0.0316069770620507,0.29928203538611386,0.23835003846316727,1.4544260989488131,1.2059958950795866,4.9117385035744014,1.1102230246251565e-16,1.2059958950795866,4,80,1001
Fake3_3,1003,0.6348271559222765,0.7916963076042551,0.7824470518678964,0.08837518353126586,0.8190111401990576,0.03736752037953508,0.1229712071836418,1003,0.03157544889753363,0.19104556694663252,0.7056829511465603,0.6590176211240442,0.09212362911266202,0.746302820065619,0.0063808574277168795,0.021752436235361647,1003,0.03157544889753363,0.6477238216445228,0.6171575588804901,0.5421832054562628,0.7363309075791011,21.190808527848496,1.1102230246251565e-16,0.7363309075791011,9,80,1003
Fake5_3,1003,0.4754011986844454,0.7242218438240924,0.7314084091331035,0.2186693166722809,0.4927548883007743,0.20674164004507473,0.7659460106357568,1003,0.03157544889753363,0.1302099302648308,0.689332003988036,0.6572476271563454,0.2472582253240279,0.44155786031365707,0.24725822532402794,0.9342083658797303,1003,0.03157544889753363,0.4979647462581319,0.4544042036341087,0.28690309517087065,0.5356333589040835,11.431555170378173,1.1102230246251565e-16,0.5356333589040835,15,80,1003
Fake6_3,1003,0.6456692629701468,0.79331613878666,0.7836199336736622,0.12131462106046054,0.7173854787849627,0.07784483622905611,0.2655282887834299,1003,0.03157544889753363,0.11382099855281469,0.6883349950149551,0.6469519798714198,0.15413758723828513,0.6494223166585097,0.15413758723828516,0.5426664998844851,1003,0.03157544889753363,0.5427745239790924,0.5031020314827013,0.5471203816605702,0.7396758625645223,13.68138198093974,1.1102230246251565e-16,0.7396758625645223,10,80,1003
Fake7_3,1003,0.6300994768682973,0.8026526557608074,0.7977939919641841,0.11555127862562994,0.6802709963885146,0.05107730062642899,0.18943598346160545,1003,0.03157544889753363,0.10121961540547995,0.7082751744765703,0.660091873411567,0.15613160518444663,0.5829398413543336,0.07517447657028908,0.29131961554758623,1003,0.03157544889753363,0.6564568048765571,0.6266482846923105,0.2901042656752152,0.5386132802625787,22.02245535232856,1.1102230246251565e-16,0.5386132802625786,11,80,1003
Real1_3,1003,0.5875015512225595,0.7968882144279569,0.7997897139418406,0.1195071904058774,0.7280386039509487,0.08009830873448971,0.31258443355347265,1003,0.03157544889753363,0.10900959048173771,0.7108673978065803,0.6772744449912863,0.17028913260219342,0.6203059881980276,0.12642073778664012,0.5185891513999922,1003,0.03157544889753363,0.5788417479960167,0.5422987326377535,0.34772540447551914,0.5896824607155271,15.840010527897713,1.1102230246251565e-16,0.5896824607155271,11,80,1003
Real5_3,1003,0.5510168009827925,0.7762496818602797,0.7593278706189832,0.09048709400747183,0.8303738815964313,0.022617353130985764,0.07338064401054288,1003,0.03157544889753363,0.12463144208692038,0.6965104685942174,0.6439003277452418,0.11126620139581256,0.71866254028544,0.013958125623130613,0.047800326514219824,1003,0.03157544889753363,0.5661561715006208,0.5285124553618461,0.6299563034910752,0.7936978666287791,15.039858695498284,1.1102230246251565e-16,0.7936978666287791,9,80,1003
Real6_3,1003,0.546740303676068,0.7554186621005163,0.7521853810779139,0.11727037658031439,0.7364663649052621,0.08583810903327027,0.29331265678062207,1003,0.03157544889753363,0.159980819429695,0.6883349950149551,0.6506458818174867,0.1884346959122632,0.6234909000233995,0.15892323030907277,0.572299683987878,1003,0.03157544889753363,0.7214154055393356,0.6972432064538115,0.30067261057977074,0.548336220379222,29.844839643546074,1.1102230246251565e-16,0.548336220379222,10,80,1003
Real7_3,1003,0.5536554642897404,0.7550286245270338,0.7361052701826277,0.11371703093816829,0.7335640407010391,0.005066552454815287,0.016184316388014614,1003,0.03157544889753363,0.14894495989511422,0.6837487537387836,0.6289783375178639,0.13479561316051844,0.6335863536627032,0.03629112662013965,0.12144814260050353,1003,0.03157544889753363,0.7178208160080191,0.6933367219523157,0.36087253226868843,0.6007266701826117,29.317842611407936,1.1102230246251565e-16,0.6007266701826117,11,80,1003
Real8_3,1003,0.45129875194204666,0.7424545484343372,0.7191674615790191,0.10516833430999806,0.7516583645564662,0.013777820181562461,0.04551854013202335,1003,0.03157544889753363,0.180642411069982,0.6965104685942174,0.6544054902386303,0.12761714855433698,0.6806173803388973,0.06859421734795612,0.23436532515988173,1003,0.03157544889753363,0.6299018115053608,0.5977891704212273,0.5018405603728955,0.7084070583872633,19.61538479052685,1.1102230246251565e-16,0.7084070583872633,10,80,1003
fairness_average,400,-0.04019027870044711,0.7739781082959817,0.7433559349658297,0.10529051373502467,0.6052285872420834,0.08382865493988832,0.4504558909994723,400,0.05,0.24598349220437038,0.8043181818181818,0.7802742762083863,0.11401515151515151,0.5681111372954859,0.08750000000000012,0.47786166604973507,400,0.05,0.2953874652667905,0.11868212740266271,0.34874357023785996,0.5905451466550715,1.6716386094341968,0.0010323105252333376,0.5905451466550715,6,80,400
percent_correct,400,-0.02333059588009223,0.5171137560272783,0.7661023707230832,0.4827897258073617,0.032797999263775586,0.4827897258073615,3.2739790994191442,400,0.05,0.044234480060497475,0.5179166666666666,0.821473733971082,0.4820833333333334,0.03993112566547195,0.48208333333333314,3.2683420213765113,400,0.05,0.1345618336180031,-0.08247595105459804,0.5994962298375284,0.7742714187140891,0.6199926608216539,0.9943644227670644,0.7742714187140891,4,80,400
rating_5_1,799,0.35217849991386607,0.8052612585096077,0.7692388738871008,0.11299021599901395,0.4751772962137575,0.04170131191239401,0.19476964505011365,799,0.03537745688386125,0.32003393873341,0.7905193992490613,0.754433530812352,0.09871714643304129,0.6454228678678561,0.08745306633291616,0.37995846353666873,799,0.03537745688386125,0.15718973800874714,0.0632833021322845,1.6806143656063899,1.2963851146963967,1.6738973909683452,0.0004029631558813973,1.2963851146963967,5,80,799
rating_6_1,799,0.32895003757629865,0.7999052448137388,0.757708899439112,0.12340009004379238,0.44799594810266935,0.05258009475766112,0.24228255346077626,799,0.03537745688386125,0.37993621700781005,0.7989674593241551,0.7584055367480211,0.08839173967459323,0.6301070557279637,0.07149561952440553,0.3054174913104561,799,0.03537745688386125,0.16014787007359466,0.06657103108458018,1.67419208110561,1.293905746608156,1.7114049993972897,0.00022993773583557253,1.293905746608156,6,80,799
rating_8_1,799,0.2560274413244425,0.7837256031104504,0.7428193251820492,0.10482824499764777,0.5477946296457602,0.053782483368755685,0.24259606615831625,799,0.03537745688386125,0.30304885278072635,0.7855131414267835,0.7520249158320369,0.10341051314142677,0.6471823950754175,0.09965581977471838,0.43029167916232736,799,0.03537745688386125,0.18808225395444433,0.09761788113599801,1.6455832547941445,1.282802890078653,2.0790754204631265,5.363404363967206e-07,1.282802890078653,7,80,799
rating_9_1,799,0.2822700952670416,0.7804595595626747,0.7404710370475269,0.1096059878278429,0.5267457119791514,0.052828552329211576,0.2322566749050725,799,0.03537745688386125,0.3414807253235376,0.7844180225281602,0.749498731462773,0.10200250312891115,0.6285292179433274,0.09543178973717148,0.40148716709399146,799,0.03537745688386125,0.18521468789451379,0.09443080910838708,1.6686200170051244,1.2917507565335986,2.0401715631786588,1.0608247172916307e-06,1.2917507565335986,9,80,799
rating1,1174,0.20171632528441774,0.7541297294586785,0.7055255563867433,0.1470372036333758,0.47395721040047395,0.05648785994209071,0.24459712552290105,1174,0.02918542027088895,0.1420925683989651,0.7372231686541737,0.6981847797195078,0.07708688245315161,0.7626118515699559,0.06643952299829647,0.25315178643528746,1174,0.02918542027088895,0.1183174789299627,0.053784449025476744,0.7146115529109873,0.8453470014798582,1.8334406288544378,2.1836916216377844e-05,0.8453470014798582,5,80,1174
rating11,1174,0.3113135109340422,0.7689275070471667,0.7318793833610829,0.14016359799821543,0.5020381696041591,0.004444222266986264,0.019149465494936745,1174,0.02918542027088895,0.13536181817959445,0.7340289608177172,0.6977325074236805,0.058134582623509366,0.7827431972846955,0.0393952299829643,0.14956810788563732,1174,0.02918542027088895,0.09416764414791323,0.027867014259379985,0.7640039975313437,0.8740732220651447,1.4203129639376093,0.010744839605441259,0.8740732220651447,5,80,1174
rating12,1174,0.13180636812686666,0.7456692194222263,0.6977964321609945,0.1511208882443797,0.47502551639724394,0.004495867155956623,0.019458310935882284,1174,0.02918542027088895,0.12870275560910427,0.7323253833049403,0.6961426421029533,0.057282793867120964,0.7806319651737843,0.03598807495741052,0.13592622015282912,1174,0.02918542027088895,0.09121472647385198,0.02469796354421616,0.7718881654799375,0.8785716621197941,1.3713043518119308,0.019533648486911415,0.8785716621197941,12,80,1174
rating13,1174,0.2499335075847288,0.7541334641134565,0.7099694579127992,0.15244512110738698,0.4724022939615497,0.028145237951493707,0.118991079985698,1174,0.02918542027088895,0.1894017755750847,0.7344548551959114,0.6961559442516388,0.061967632027257226,0.7756376063234263,0.04109880749574102,0.15184557751144676,1174,0.02918542027088895,0.11850058522066476,0.0539809574234581,0.7762222611696215,0.8810347672876602,1.8366594673039212,2.0668926788869335e-05,0.8810347672876602,8,80,1174
rating15,1174,0.3138854523771244,0.757223149581959,0.723160001796332,0.15633385485592843,0.4740159177217738,0.017042134470730885,0.07125466996653865,1174,0.02918542027088895,0.13639985077673764,0.7161413969335605,0.6781708115063322,0.0709114139693356,0.7777714865346,0.069633730834753,0.25432815812195503,1174,0.02918542027088895,0.11387751263018742,0.04901950806515076,0.8012029192849338,0.8950993907298417,1.7557973513661884,8.004933166827488e-05,0.8950993907298418,5,80,1174
rating17,1174,0.19391694554019726,0.7309639799936599,0.6924713952639558,0.14134608094313586,0.5618669647831235,0.05649537536986016,0.22536634775954073,1174,0.02918542027088895,0.11670144058082205,0.7155025553662692,0.6778531178732985,0.06473594548551957,0.783952620656533,0.05706984667802384,0.20550878270023615,1174,0.02918542027088895,0.11815439496318614,0.05360942844631056,0.8283517131414908,0.9101382934156165,1.830574889713421,2.2930543892019095e-05,0.9101382934156165,10,80,1174
rating18,1174,0.13673526186295415,0.7412805551012962,0.688058883618557,0.15859797280787616,0.443607304752494,0.057257714303561746,0.24324344090241498,1174,0.02918542027088895,0.11088269671374017,0.717206132879046,0.6823822359923002,0.05919931856899488,0.7946930139119156,0.041737649063032345,0.1518606183465751,1174,0.02918542027088895,0.10201721422371313,0.03629111828400322,0.8402054513072537,0.9166272150155993,1.552156913705825,0.0018299381401659653,0.9166272150155993,3,80,1174
rating20,1174,0.33842445679872063,0.7706433225398401,0.7315099721543199,0.13585565097694324,0.5035980389726866,0.016121861230428913,0.06903988243319287,1174,0.02918542027088895,0.12823730956802856,0.7280664395229983,0.6926716533890944,0.05643100511073251,0.7902083465040771,0.05344974446337303,0.20107658204675158,1174,0.02918542027088895,0.13794903968740602,0.07485290352545948,0.7492618587653491,0.8655991328353727,2.1863310192772722,3.3760116813219554e-08,0.8655991328353727,5,80,1174
rating4,1174,0.18775272348424368,0.7515486925332547,0.7062881237342662,0.1506945647621879,0.46686165308590977,0.01270436613900039,0.055213852643499484,1174,0.02918542027088895,0.19574648979706133,0.7387137989778535,0.7078384986626862,0.05302385008517887,0.8216393299819714,0.05302385008517885,0.19650045471802388,1174,0.02918542027088895,0.08392457009175103,0.016874218405877328,0.8602419100515495,0.9274922695373528,1.2516648754496011,0.07193148273147998,0.9274922695373528,2,80,1174
rating5,1174,0.23378503421279434,0.758639007749779,0.7185707968837853,0.14803941025113565,0.47481288782937364,0.03222350129814311,0.140312686964166,1174,0.02918542027088895,0.192784032096158,0.7327512776831346,0.7046734139745476,0.051746166950596244,0.8554104739852004,0.051746166950596306,0.1895439779443445,1174,0.02918542027088895,0.09543224767888825,0.029224177975604615,0.9115849523650925,0.9547695807707179,1.4413990334799827,0.008221334791602919,0.9547695807707179,6,80,1174
rating6,1174,0.20452568695459536,0.7486417248680146,0.7058955832885085,0.1542292015630679,0.4914571585906461,0.041925820234558486,0.17837923047417084,1174,0.02918542027088895,0.1915621399171561,0.7380749574105622,0.7028013783035645,0.057921635434412276,0.7871779313664788,0.05195911413969334,0.19354975379453,1174,0.02918542027088895,0.09300669418713847,0.026621090833955696,0.8002343272130512,0.8945581743034107,1.401006987800152,0.013654050695954822,0.8945581743034107,8,80,1174
rating7,1174,0.17557896820866317,0.742311443714768,0.6903044582971674,0.151355661809702,0.4822023171124245,0.027436322956956305,0.11626757584507887,1174,0.02918542027088895,0.162491583187291,0.7280664395229983,0.6932084450578038,0.06281942078364566,0.7842527353270535,0.04748722316865417,0.17579762691579484,1174,0.02918542027088895,0.11282125427644074,0.047885938944432715,0.7888857652115102,0.8881924145203618,1.7374406160899745,0.0001079736994028524,0.8881924145203619,3,80,1174
DV1,600,0.19285644233445998,0.7883325375267445,0.747097499989214,0.1374551574039036,0.4240730727003236,0.05205307322408773,0.2667351045562501,600,0.040824829046386304,0.19343282734917458,0.8012962962962963,0.7546637967702422,0.11555555555555554,0.46739695959562033,0.004444444444444547,0.022410773356576753,600,0.040824829046386304,0.31462060971945927,0.20897446092862448,0.3479728279403495,0.58989221722307,2.9780603772160767,1.2356782264077992e-13,0.58989221722307,5,80,600
log_WTP,600,-0.0008115637890551779,0.8245674653015812,0.8365814619258581,0.14846846524223462,0.36873099809647963,0.13998000600854305,1.2601110335982966,600,0.040824829046386304,0.14360165757135113,0.8162830116338281,0.8497800990507051,0.16637395421757564,0.39103757802855776,0.16229188881245227,1.4501864801779731,600,0.040824829046386304,0.333598753848659,0.23087794519334626,0.07202430351635425,0.2683734404078657,3.2476258531810673,7.771561172376096e-16,0.2683734404078657,8,80,600
Achap1_val,251,0.23837352990960378,0.7841876880937357,0.7815534484189306,0.027069710433536745,0.9687107935661067,0.005852919939550949,0.025901332194959693,251,0.06311944030978031,0.5310698502196085,0.845906374501992,0.8254310414595516,0.08399402390438246,0.5501798664764508,0.01761952191235061,0.09511380422604532,251,0.06311944030978031,0.620568420755718,0.4420123834642913,0.0968166979172491,0.31115381713430595,3.475482712146379,5.039635375680973e-12,0.3111538171343059,5,80,251
Achap2_aro,251,0.3680373571141471,0.8355524005244213,0.8164115245281026,0.06550121281218554,0.6760194174671876,0.034507918212396516,0.19017021094586617,251,0.06311944030978031,0.24566526279877243,0.8380318725099601,0.7989547147025569,0.10557370517928288,0.4372355877543758,0.04101195219123499,0.24996344684417826,251,0.06311944030978031,0.6774270386585951,0.5256279980273457,0.04459655032583017,0.21117895332118247,4.462656916944572,1.1102230246251565e-16,0.21117895332118247,3,80,251
Achap2_val,251,0.17231295979773276,0.7861455495013295,0.7710971682881069,0.05814113503710186,0.8097700619516889,0.029122696867081355,0.13888085187580032,251,0.06311944030978031,0.4913549930464332,0.8436553784860559,0.8204211682769689,0.07000996015936255,0.6044941007813948,0.013157370517928202,0.06909431082429228,251,0.06311944030978031,0.39499407315942214,0.11028540170503254,0.18788118963672162,0.4334526382855705,1.3873622856011267,0.03941600724448835,0.4334526382855705,3,80,251
Bchap1_aro,251,0.3104786194613088,0.8028970469362768,0.8155016564148969,0.04213566493320219,1.1111548644546354,0.03328377650511338,0.14356359761452572,251,0.06311944030978031,0.494801992571634,0.8504980079681275,0.8291958574958772,0.07840637450199203,0.6317603977135,0.012011952191235076,0.06547927898158318,251,0.06311944030978031,0.8074287262417315,0.7168069503554875,0.059157573740183884,0.2432233001588949,8.909875340064877,1.1102230246251565e-16,0.2432233001588949,5,80,251
pref_control_Netflix,392,0.06358371979516893,0.5384992610894599,0.7696714020594478,0.4581942656272215,0.47495379272117,0.4581942656272215,2.8186150362158084,392,0.050507627227610534,0.16747279536391674,0.49914965986394555,0.784987330031637,0.5008503401360545,0.34181325076033164,0.5008503401360543,3.2275305069185505,392,0.050507627227610534,0.36613391544756957,0.2030815464308673,0.11497237810186735,0.339075770443521,2.2454989010927187,4.1000889461351164e-07,0.339075770443521,6,80,392
pref_control_TikTok,234,0.04718148371976493,0.4454525795981936,0.7072350845843152,0.5455418292583541,0.5342095539567526,0.5455418292583541,2.5217913875818696,234,0.06537204504606134,0.12475339216348186,0.417948717948718,0.7136364147423537,0.582051282051282,0.2597419697521414,0.5820512820512821,2.952440075802209,234,0.06537204504606134,0.5634451623350997,0.33518119492861587,0.05361661339938007,0.231552614753926,2.468392925685629,8.41341225576997e-07,0.231552614753926,11,80,234
strategization_type2_Netflix,392,-0.033683303988830085,0.21534742300720244,0.4476984132462364,0.7379747715034415,0.5706654191350722,0.7379747715034413,1.95778441504762,392,0.050507627227610534,0.15171216914246388,0.35969387755102045,0.4676237283581727,0.6403061224489797,0.4638413040175377,0.6403061224489797,1.7742393160234609,392,0.050507627227610534,0.25521785423112,0.06363402252208339,0.03434943166300534,0.18533599667362338,1.3321471439130936,0.045041374391859734,0.1853359966736234,8,80,392
usage_TikTok,234,0.08800669879185534,0.4081573692375028,0.7191644309865921,0.514955602840397,1.938778730119975,0.4597733511916229,1.1463463236764924,234,0.06537204504606134,0.19970549173943436,0.4412393162393162,0.7302788684389119,0.5395299145299146,0.985090357296234,0.5395299145299145,2.090555224656192,234,0.06537204504606134,0.5218167845314374,0.27178634507075106,0.5019369291451368,0.7084750730584223,2.0870130279216887,5.01695768430066e-05,0.7084750730584222,6,80,234
Profile12,300,0.5934636591241577,0.7959047390276759,0.7798465723766749,0.11747208685035211,0.7446972231031618,0.015080289583402203,0.054569071819641136,300,0.05773502691896257,0.14788055536507952,0.6733333333333333,0.6578935289003385,0.24,0.6222896556624055,0.2088888888888889,0.8001684551840715,300,0.05773502691896257,0.8495795917964523,0.7946314974755215,0.2060341757921372,0.45390987628838525,15.461493292822583,1.1102230246251565e-16,0.45390987628838525,4,80,300
Profile13,300,0.7132986753062744,0.8181371412024949,0.8247542613049221,0.10998749135265688,0.8741180432085889,0.0877632074646119,0.30711236835454486,300,0.05773502691896257,0.2690523531955425,0.6677777777777778,0.7121635047675283,0.2588888888888889,0.5385256423384714,0.24111111111111114,0.9866541713286755,300,0.05773502691896257,0.8402666637574887,0.7819165865912745,0.1544017924417057,0.39293993490316775,14.400437918255564,1.1102230246251565e-16,0.3929399349031678,11,80,300
Profile14,300,0.6344011047227579,0.7984397278438673,0.78833211975396,0.12561342007591972,0.7132649319298233,0.09967259948943201,0.3495514758533559,300,0.05773502691896257,0.1969806651568119,0.7261111111111112,0.6745686749634003,0.17944444444444443,0.4294365211949448,0.04833333333333334,0.1913102372508934,300,0.05773502691896257,0.763751448155061,0.6774506072984623,0.16904896376460074,0.41115564420861445,8.849872615078503,1.1102230246251565e-16,0.41115564420861445,7,80,300
Profile15,300,0.6190535612562429,0.8024932870152238,0.8043697545940877,0.10879722518472294,0.897263053715375,0.07817290813139673,0.2820263157877929,300,0.05773502691896257,0.16431437362164494,0.6872222222222222,0.6853970787621055,0.2416666666666667,0.6713634940888868,0.21944444444444447,0.8831066690547724,300,0.05773502691896257,0.8659397149319691,0.8169679212998117,0.1851759822057481,0.43032078988325456,17.68241779005105,1.1102230246251565e-16,0.43032078988325456,9,80,300
Profile18,300,0.5291047452524327,0.8437056262850264,0.8233333088661579,0.0923569077172044,0.6544293455466146,0.055205571455460456,0.24868886480930733,300,0.05773502691896257,0.05470442810969789,0.7683333333333333,0.7153998287573069,0.1261111111111111,0.5519068969289508,0.0427777777777778,0.20163183274714858,300,0.05773502691896257,0.7711119121528344,0.687499825268025,0.17319198647102196,0.4161634131816755,9.222493312661593,1.1102230246251565e-16,0.4161634131816755,5,80,300
Profile3,300,0.7707556210711586,0.8672994069805184,0.8665090567854313,0.0652914289805671,0.9579237876907235,0.04259729577790602,0.1582710222513192,300,0.05773502691896257,0.27694357854890655,0.7716666666666666,0.7549818385857205,0.15055555555555553,0.5417615437909821,0.06833333333333329,0.30913549913324734,300,0.05773502691896257,0.7418220874949616,0.6475105212830754,0.20609482162235532,0.4539766751963754,7.865653358235387,1.1102230246251565e-16,0.4539766751963754,6,80,300
Profile5,300,0.635872691589144,0.753281419032901,0.7773012016604316,0.19874167179578459,0.6131030881943653,0.18721830357566546,0.671907853097034,300,0.05773502691896257,0.23091690434414308,0.7061111111111111,0.6743158132659943,0.22611111111111107,0.38235330314150967,0.1494444444444445,0.5876311650436105,300,0.05773502691896257,0.701659562293449,0.5926767539988185,0.17720096042268219,0.4209524443719055,6.438259146309951,1.1102230246251565e-16,0.4209524443719055,11,80,300
Profile6,300,0.7154365136467433,0.7975227669156102,0.7991303860398344,0.10919491360343854,0.9282762504647739,0.06399456436162776,0.18776915136393005,300,0.05773502691896257,0.2494677101353444,0.6688888888888889,0.6438685767035062,0.19666666666666666,0.669840741406038,0.16888888888888887,0.5617582852321836,300,0.05773502691896257,0.8910956189661543,0.8513131966706855,0.21950767041181943,0.46851645692741617,22.39922979922846,1.1102230246251565e-16,0.46851645692741617,14,80,300
Profile8,300,0.6218146206445876,0.8575713780540387,0.8466607380483009,0.08887214831909514,0.6768331828429934,0.0473090962896067,0.219418312805751,300,0.05773502691896257,0.14873703854057968,0.8016666666666666,0.727329019328366,0.10277777777777779,0.49204219118791315,0.006111111111111178,0.030708830609825745,300,0.05773502691896257,0.7553780087067062,0.6660183771840419,0.13595274869443624,0.3687177086802806,8.453235491633812,1.1102230246251565e-16,0.3687177086802806,12,80,300
Profile9,300,0.7259829272105278,0.8425190399226858,0.840439391825611,0.10428821052075458,0.7952463488508534,0.05920759431238872,0.2299339785225184,300,0.05773502691896257,0.31290483740967334,0.7483333333333333,0.7300200896099789,0.2072222222222222,0.3820160100992608,0.10944444444444446,0.5072881948168129,300,0.05773502691896257,0.6897835377410919,0.5764624556373812,0.1323969392425213,0.36386390208774666,6.086983330337478,1.1102230246251565e-16,0.3638639020877467,4,80,300
fair1,357,0.1486518205834954,0.7845907812712548,0.7343794176835906,0.11661797431154203,0.5055923037446872,0.011998504240009256,0.05834761245653644,357,0.05292561240249631,0.05132646113700265,0.7822128851540616,0.7222327307177491,0.10714285714285715,0.5160790493544535,0.031512605042016806,0.15259323115508622,357,0.05292561240249631,0.26486767231045727,0.05178583819754645,0.8440273618949964,0.918709617830899,1.2430326283474042,0.10272101448160087,0.918709617830899,5,80,357
